{
    "station1": {"1":{"1":"MTRX/PA Chassis (088929A)", "child":2},
    "10101":{"10101": "StickBarcode Label (7317552)"}, 
    "10102":{"10102":"Scan the Barcode Label"},
    "2":{"2":"Assemble the DC Connector", "child":5},
    "10201":{"10201":"Place the DC Connector"},
    "10202":{"10202":"Tighten the DC Screw in the top left"},    
    "10203":{"10203":"Tighten the DC Screw in the bottom right"},
    "10204":{"10204":"Tighten the DC Screw in the bottom left"},
    "10205":{"10205":"Tighten the DC Screw in the top right"},
    "3":{"3":"Assemble the RET cable", "child":5},
    "10301":{"10301":"Place the RET cable"},
    "10302":{"10302":"Tighten the RET Screw in the top left"},    
    "10303":{"10303":"Tighten the RET Screw in the bottom right"},
    "10304":{"10304":"Tighten the RET Screw in the bottom left"},
    "10305":{"10305":"Tighten the RET Screw in the top right"},
    "4":{"4":"Rotate the MTRX/PA Chassis as per 3D shown\nin the display", "child":0},
    "5":{"5":"Assemble the PA Thermal Graphites", "child":4},
    "10501":{"10501":"Place the 1st PA Thermal Graphite"},
    "10502":{"10502":"Place the 2nd PA Thermal Graphite"},
    "10503":{"10503":"Place the 3rd PA Thermal Graphite"},
    "10504":{"10504":"Place the 4th PA Thermal Graphite"},
    "6":{"6":"Assemble the Power Amplifier 2100", "child":2},
    "10601":{"10601":"Place the Power Amplifier 2100"},
    "10602":{"10602":"Place the Power Amplifier 2100"},
    "7":{"7":"Assemble the Power Amplifier 1800", "child":2},
    "10701":{"10701":"Place the Power Amplifier 1800"},
    "10702":{"10702":"Place the Power Amplifier 1800"},
    "10703":{"10703":"Scan each Power Amplifier individually"},
    "8":{"8":"Place the Narrow PA Cover (831565A)", "child":0},
    "9":{"9":"Place all 24 PA Cover Screws", "child":0},
    "10":{"10":"Tighten PA Cover Screws 1-24", "child":24},
    "11001":{"11001":"Tighten the 1st PA Cover Screws"},
    "11002":{"11002":"Tighten the 2nd PA Cover Screws"},
    "11003":{"11003":"Tighten the 3rd PA Cover Screws"},
    "11004":{"11004":"Tighten the 4th PA Cover Screws"},
    "11005":{"11005":"Tighten the 1st PA Cover Screws"},
    "11006":{"11006":"Tighten the 2nd PA Cover Screws"},
    "11007":{"11007":"Tighten the 3rd PA Cover Screws"},
    "11008":{"11008":"Tighten the 4th PA Cover Screws"},
    "11009":{"11009":"Tighten the 1st PA Cover Screws"},
    "11010":{"11010":"Tighten the 2nd PA Cover Screws"},
    "11011":{"11011":"Tighten the 3rd PA Cover Screws"},
    "11012":{"11012":"Tighten the 4th PA Cover Screws"},
    "11013":{"11013":"Tighten the 1st PA Cover Screws"},
    "11014":{"11014":"Tighten the 2nd PA Cover Screws"},
    "11015":{"11015":"Tighten the 3rd PA Cover Screws"},
    "11016":{"11016":"Tighten the 4th PA Cover Screws"},
    "11017":{"11017":"Tighten the 1st PA Cover Screws"},
    "11018":{"11018":"Tighten the 2nd PA Cover Screws"},
    "11019":{"11019":"Tighten the 3rd PA Cover Screws"},
    "11020":{"11020":"Tighten the 4th PA Cover Screws"},
    "11021":{"11021":"Tighten the 1st PA Cover Screws"},
    "11022":{"11022":"Tighten the 2nd PA Cover Screws"},
    "11023":{"11023":"Tighten the 3rd PA Cover Screws"},
    "11024":{"11024":"Tighten the 4th PA Cover Screws"}
    }
    
}